Task_ID,Priority,Phase,Task_Name,Task_Details,Status,Assigned_To,Dependencies,Estimated_Hours,Actual_Hours,Completion_Date
P1-T001,Critical,1,Setup Pexels API Integration,Create Python module to authenticate and search Pexels video API. Include error handling and rate limiting.,Queued,None,None,3,0,
P1-T002,Critical,1,Build B-Roll Download Function,Implement function to download videos from Pexels based on shot list descriptions. Save to organized folder structure.,Queued,None,P1-T001,2,0,
P1-T003,High,1,Create AE JSON Export Module,Build converter to transform Unwind blueprint JSON into After Effects data-driven animation compatible format.,Queued,None,None,4,0,
P1-T004,High,1,Test AE JSON Import,Create test After Effects project and verify JSON data import works correctly with expressions.,Queued,None,P1-T003,2,0,
P1-T005,Medium,1,Document Phase 1 Integration,Write comprehensive documentation for Pexels and AE JSON modules with code examples.,Queued,None,P1-T001 P1-T003,2,0,
P2-T001,Critical,2,Research Premiere UXP API,Study Adobe UXP documentation and identify methods for programmatic project creation.,Queued,None,None,3,0,
P2-T002,Critical,2,Build Premiere Project Generator,Create script to generate .prproj file with sequences and bins from blueprint JSON.,Queued,None,P2-T001,6,0,
P2-T003,High,2,Implement Marker System,Add functionality to place markers at CTA positions and key moments in Premiere timeline.,Queued,None,P2-T002,3,0,
P2-T004,High,2,Create Asset Import Function,Build function to automatically import downloaded B-roll into Premiere project bins.,Queued,None,P2-T002,3,0,
P2-T005,Medium,2,Test Full Premiere Workflow,End-to-end test: Blueprint → Premiere project with assets and markers.,Queued,None,P2-T003 P2-T004,2,0,
P2-T006,Medium,2,Document Phase 2 Integration,Write user guide for Premiere Pro integration with troubleshooting section.,Queued,None,P2-T005,2,0,
P3-T001,High,3,Integrate Firecrawl MCP,Set up Firecrawl MCP server and create functions to scrape competitor videos.,Queued,None,None,3,0,
P3-T002,High,3,Build Competitive Analysis Module,Create analyzer to extract engagement metrics and visual patterns from competitor videos.,Queued,None,P3-T001,4,0,
P3-T003,Critical,3,Setup Supabase MCP,Configure Supabase MCP server with database schema for blueprints and performance data.,Queued,None,None,4,0,
P3-T004,High,3,Create Performance Tracking System,Build system to log video performance metrics and link back to original blueprints.,Queued,None,P3-T003,3,0,
P3-T005,High,3,Integrate MiniMax MCP,Set up MiniMax MCP for AI asset generation (voiceover TTS image video).,Queued,None,None,3,0,
P3-T006,Medium,3,Build Asset Generation Workflow,Create workflow to generate custom assets when stock footage insufficient.,Queued,None,P3-T005,4,0,
P3-T007,Medium,3,Document Phase 3 Integrations,Comprehensive documentation for all MCP integrations and data tracking.,Queued,None,P3-T004 P3-T006,2,0,
P4-T001,High,4,Integrate MoviePy Library,Set up MoviePy and create basic video assembly functions.,Queued,None,None,4,0,
P4-T002,High,4,Build Video Assembly Pipeline,Create pipeline to combine B-roll text overlays and transitions into draft video.,Queued,None,P4-T001,6,0,
P4-T003,Medium,4,Implement Preview Generation,Build system to generate quick preview video from blueprint for client review.,Queued,None,P4-T002,3,0,
P4-T004,Medium,4,Create Render Queue System,Build queue system for batch rendering multiple videos.,Queued,None,P4-T002,4,0,
P4-T005,Low,4,Build Web Interface,Create simple web UI for non-technical users to submit transcripts and download results.,Queued,None,P4-T003,8,0,
P4-T006,Medium,4,End-to-End System Test,Full test: Transcript input → Rendered video output with all integrations.,Queued,None,P4-T003 P4-T004,3,0,
P4-T007,Medium,4,Document Phase 4 & Final System,Complete system documentation including architecture diagrams and user manual.,Queued,None,P4-T006,4,0,
SETUP-001,Critical,0,Create Tracking Spreadsheet,Build Google Sheets tracking database with all required sheets and formulas.,Queued,None,None,2,0,
SETUP-002,Critical,0,Initialize Debrief System,Create debrief template and folder structure in Google Drive.,Queued,None,None,1,0,
SETUP-003,Critical,0,Configure Scheduled Task,Set up daily 6 AM recurring task with proper prompts and context loading.,Queued,None,SETUP-001 SETUP-002,2,0,
SETUP-004,High,0,Test First Automated Session,Run first scheduled session manually to verify system works end-to-end.,Queued,None,SETUP-003,1,0,
